{
    "ResolutionIndex": 7,
    "Fullscreen": true,
    "MusicVolume": 0.30000001192092898,
    "SoundVolume": 0.17784333229064942,
    "GraphicsQualityIndex": 2
}