{
    "ResolutionIndex": 7,
    "Fullscreen": true,
    "MusicVolume": 0.7839270830154419,
    "SoundVolume": 0.22448597848415376,
    "GraphicsQualityIndex": 0
}