{
    "ResolutionIndex": 7,
    "Fullscreen": true,
    "MusicVolume": 0.7839270830154419,
    "SoundVolume": 0.0478571355342865,
    "GraphicsQualityIndex": 1
}