{
    "ResolutionIndex": 19,
    "Fullscreen": true,
    "MusicVolume": 0.15502791106700898,
    "SoundVolume": 0.17996132373809815,
    "GraphicsQualityIndex": 2
}