{
    "ResolutionIndex": 19,
    "Fullscreen": true,
    "MusicVolume": 0.10182128846645355,
    "SoundVolume": 0.07817887514829636,
    "GraphicsQualityIndex": 2
}