{
    "ResolutionIndex": 19,
    "Fullscreen": true,
    "MusicVolume": 0.10659869760274887,
    "SoundVolume": 0.18951229751110078,
    "GraphicsQualityIndex": 1
}